{"37":{"id":1,"name":"George Keeng","faceFeature":[-0.03171496093273163,0.002832788974046707,0.04795662686228752,-0.0480414517223835,-0.05035165697336197,-0.040468715131282806,0.03267130255699158,-0.07470215857028961,0.15133036673069,-0.152865931391716,0.28378763794898987,-0.06424571573734283,-0.22670432925224304,-0.06328440457582474,-0.015170400962233543,0.16217070817947388,-0.11932472139596939,-0.0682065337896347,-0.07912242412567139,-0.009764609858393669,0.11896152049303055,0.02035216987133026,0.05171922221779823,0.05613495409488678,-0.07578228414058685,-0.36427390575408936,-0.12679803371429443,-0.06309156119823456,0.01741219125688076,-0.07638188451528549,0.0026198094710707664,0.047225095331668854,-0.11426939815282822,-0.047675296664237976,0.004446000792086124,0.09329146146774292,-0.02788911759853363,-0.12722019851207733,0.19978681206703186,0.04140179604291916,-0.17014919221401215,-0.016679707914590836,0.005530613474547863,0.23798532783985138,0.09150516986846924,0.07895071059465408,0.04526398330926895,-0.12318854033946991,0.07549826800823212,-0.23894119262695312,0.05292930454015732,0.080426886677742,0.10009824484586716,-0.007031411863863468,0.05492636561393738,-0.058911941945552826,0.07654795795679092,0.06216295436024666,-0.20368951559066772,-0.0019534954335540533,0.0946531742811203,-0.0681498572230339,-0.06343309581279755,-0.08618197590112686,0.19257737696170807,0.11350342631340027,-0.09557260572910309,-0.10273358970880508,0.11612126231193542,-0.16557109355926514,-0.12971632182598114,-0.010725246742367744,-0.1332421600818634,-0.1532587707042694,-0.2956185042858124,0.001000119373202324,0.4260300397872925,0.13980740308761597,-0.15213418006896973,0.04968094080686569,-0.04078621044754982,0.020055200904607773,0.12801553308963776,0.1019081324338913,-0.069399394094944,0.010318460874259472,-0.1227274239063263,0.05311492457985878,0.15224313735961914,-0.08489947021007538,-0.04900019243359566,0.1831585168838501,-0.016035370528697968,0.07915189862251282,0.038857389241456985,-0.02307160198688507,-0.0701083168387413,0.05805637314915657,-0.097318135201931,-0.0044387998059391975,0.14107361435890198,-0.017524465918540955,0.03361969813704491,0.09026473760604858,-0.1894676834344864,0.12779143452644348,-0.057967282831668854,-0.06096867471933365,0.14132389426231384,0.006475780159235001,-0.18164673447608948,-0.05941697955131531,0.12807036936283112,-0.18401262164115906,0.0957750603556633,0.17815743386745453,0.027136150747537613,0.10232992470264435,0.13564299046993256,0.12663772702217102,-0.015458800829946995,0.004939270205795765,-0.2656828761100769,-0.04527943208813667,0.08945532888174057,0.018551606684923172,0.07989948242902756,-0.024008985608816147],"faceLocation":{"bottom":491,"left":170,"right":491,"top":170},"application":"b1","image":"cyrano.jpg"}}